Feature,category
100120,animal
100175,vegetable/herb
100191,vegetable/herb
100507,fruit
100528,fruit
10055,fruit
100575,animal
100726,animal
100747,animal
100750,animal
10078,fruit
100793,animal
10081,animal
100967,vegetable/herb
101023,animal
101082,animal
101083,vegetable/herb
1011,animal
101186,fruit
101210,animal
101272,vegetable/herb
101288,vegetable/herb
10132,fruit
10134,vegetable/herb
101353,animal
101433,animal
101434,animal
101493,animal
101536,animal
101578,animal
101588,animal
101639,vegetable/herb
101641,animal
101670,vegetable/herb
101685,animal
101712,animal
101713,animal
101730,vegetable/herb
101734,vegetable/herb
101745,vegetable/herb
101756,animal
101814,fruit
101828,fruit
10185,animal
101860,animal
101912,vegetable/herb
101920,animal
101921,animal
101936,animal
101942,animal
101979,vegetable/herb
102039,vegetable/herb
102058,animal
102116,animal
102123,animal
102126,animal
102144,animal
102193,vegetable/herb
102202,vegetable/herb
102229,animal
102299,animal
102330,vegetable/herb
102353,animal
102467,animal
102520,vegetable/herb
102527,animal
102636,animal
102683,fruit
102769,animal
102776,animal
102824,animal
102846,vegetable/herb
102902,vegetable/herb
102919,vegetable/herb
102991,vegetable/herb
103004,animal
103012,animal
103030,animal
103070,animal
103147,vegetable/herb
103239,animal
103244,animal
103256,animal
103266,animal
103305,fruit
103318,fruit
103323,animal
103339,vegetable/herb
103342,animal
103447,fruit
103456,vegetable/herb
10347,vegetable/herb
103483,vegetable/herb
103484,vegetable/herb
103580,vegetable/herb
103619,vegetable/herb
10365,animal
103654,animal
103725,animal
103727,animal
103760,animal
103784,fruit
10382,fruit
103849,fruit
103866,vegetable/herb
103920,vegetable/herb
103944,vegetable/herb
103950,animal
103974,animal
104042,vegetable/herb
104094,animal
104131,fruit
104261,animal
104295,animal
104315,fruit
104317,vegetable/herb
104330,animal
104346,animal
104365,vegetable/herb
104423,vegetable/herb
104450,animal
104460,vegetable/herb
1045,fruit
104535,animal
104539,animal
104657,animal
104658,animal
104790,animal
104793,vegetable/herb
104805,animal
104810,vegetable/herb
104815,fruit
104896,animal
1049,vegetable/herb
104914,vegetable/herb
104915,fruit
1050,fruit
105001,vegetable/herb
105141,fruit
105200,fruit
105257,fruit
105293,animal
105307,fruit
105364,fruit
105369,fruit
105373,fruit
105443,fruit
105444,fruit
105447,vegetable/herb
105602,vegetable/herb
105700,fruit
10571,animal
105763,fruit
105780,fruit
105826,animal
10583,fruit
105833,animal
105858,fruit
105888,vegetable/herb
105892,vegetable/herb
1059,animal
105941,animal
105957,fruit
106001,vegetable/herb
106022,fruit
10609,fruit
106205,animal
106256,animal
106374,vegetable/herb
10639,vegetable/herb
106452,animal
106460,vegetable/herb
1066,fruit
106601,animal
106632,animal
106686,animal
106687,vegetable/herb
106782,animal
10679,vegetable/herb
106792,animal
106793,animal
106795,animal
10680,fruit
106902,animal
107008,animal
107045,vegetable/herb
107074,animal
107112,vegetable/herb
107169,animal
107201,animal
1073,animal
107337,animal
107343,animal
107352,vegetable/herb
107449,vegetable/herb
107459,animal
107594,animal
107606,animal
107607,animal
107767,animal
107780,fruit
107788,animal
107808,vegetable/herb
107943,animal
107950,animal
107965,fruit
108046,animal
108059,animal
108109,vegetable/herb
108160,vegetable/herb
108172,vegetable/herb
108216,animal
108235,vegetable/herb
108243,vegetable/herb
108350,fruit
108427,vegetable/herb
108456,animal
108463,animal
108531,fruit
108600,animal
108644,animal
108665,animal
108735,animal
1088,animal
108857,vegetable/herb
108923,animal
108952,animal
109017,vegetable/herb
109103,animal
10911,animal
109234,animal
109242,animal
109289,animal
109308,animal
10936,animal
109419,animal
109454,animal
109497,animal
109518,animal
109521,animal
109537,vegetable/herb
109605,animal
109736,vegetable/herb
109761,animal
109784,animal
1098,fruit
109849,animal
109862,animal
109878,animal
109921,vegetable/herb
110110,animal
110140,animal
110200,vegetable/herb
1103,animal
110338,animal
110488,animal
110533,animal
110596,vegetable/herb
110699,animal
110709,vegetable/herb
11073,animal
11077,vegetable/herb
110812,animal
110820,animal
110836,vegetable/herb
111069,animal
111092,animal
111169,animal
111171,animal
111199,animal
111247,fruit
111334,vegetable/herb
111363,vegetable/herb
111380,vegetable/herb
111391,animal
111399,animal
111461,vegetable/herb
111503,animal
111525,vegetable/herb
111547,animal
111578,animal
111588,vegetable/herb
111625,fruit
111640,vegetable/herb
111663,vegetable/herb
111698,vegetable/herb
111729,animal
111732,vegetable/herb
11180,animal
11183,fruit
111835,vegetable/herb
111841,fruit
111997,vegetable/herb
112014,fruit
112048,fruit
112081,animal
112106,vegetable/herb
112114,vegetable/herb
112128,animal
112152,animal
112170,vegetable/herb
112193,vegetable/herb
112205,animal
112252,animal
112256,animal
112272,vegetable/herb
112281,animal
112288,vegetable/herb
112309,animal
112426,vegetable/herb
112437,animal
112457,animal
112471,animal
112616,fruit
112641,animal
112683,animal
112716,vegetable/herb
112719,vegetable/herb
112766,vegetable/herb
112774,animal
112800,vegetable/herb
113009,vegetable/herb
113027,vegetable/herb
113134,vegetable/herb
11319,animal
113289,animal
113336,vegetable/herb
113351,vegetable/herb
113363,animal
113467,vegetable/herb
113504,animal
113554,animal
11360,animal
113640,animal
11369,fruit
113776,animal
113777,animal
113793,vegetable/herb
114019,fruit
11405,vegetable/herb
114060,vegetable/herb
114099,animal
114115,animal
114123,animal
114170,animal
114215,animal
114241,animal
114311,animal
114319,vegetable/herb
11435,vegetable/herb
114351,fruit
114358,animal
11439,vegetable/herb
11441,vegetable/herb
114448,fruit
114457,animal
114459,animal
114461,animal
11451,fruit
114511,animal
11454,fruit
11455,vegetable/herb
11458,vegetable/herb
1146,animal
114602,animal
114737,animal
114763,vegetable/herb
114770,animal
114844,vegetable/herb
114965,vegetable/herb
115012,animal
115039,animal
11506,vegetable/herb
115062,vegetable/herb
115071,animal
115140,animal
115143,animal
115164,vegetable/herb
11517,fruit
115189,vegetable/herb
115193,animal
115278,animal
115295,animal
11542,fruit
115428,animal
115449,vegetable/herb
11549,fruit
115575,vegetable/herb
115616,animal
115617,animal
115637,vegetable/herb
11571,fruit
115719,animal
115728,animal
115753,vegetable/herb
115785,animal
115802,vegetable/herb
11583,animal
115889,vegetable/herb
116015,animal
11616,fruit
11618,fruit
11629,fruit
116353,animal
116356,animal
116359,animal
116368,vegetable/herb
116373,vegetable/herb
116516,vegetable/herb
116518,animal
116625,animal
116635,fruit
1167,animal
11671,fruit
116796,vegetable/herb
116873,animal
116876,animal
116955,animal
116996,vegetable/herb
117006,animal
11707,fruit
117213,animal
117344,vegetable/herb
117382,fruit
117419,vegetable/herb
11744,fruit
117553,vegetable/herb
117752,animal
117837,vegetable/herb
117859,vegetable/herb
11786,vegetable/herb
117864,animal
117875,vegetable/herb
117906,animal
117922,animal
11800,fruit
118031,animal
118114,vegetable/herb
118117,vegetable/herb
118151,vegetable/herb
118178,vegetable/herb
118192,fruit
118209,vegetable/herb
118340,animal
118383,animal
11839,fruit
118524,vegetable/herb
118538,animal
118619,animal
118651,vegetable/herb
118760,vegetable/herb
11887,fruit
118991,animal
119207,fruit
11921,fruit
11922,animal
119257,vegetable/herb
119267,animal
119294,animal
119296,vegetable/herb
119298,fruit
119393,animal
119451,vegetable/herb
119477,vegetable/herb
119489,vegetable/herb
119505,animal
119516,vegetable/herb
119567,animal
119611,vegetable/herb
119631,vegetable/herb
119695,animal
119696,animal
119707,animal
119753,animal
119762,fruit
119901,vegetable/herb
119964,animal
119997,animal
120005,animal
120109,vegetable/herb
120181,vegetable/herb
120216,animal
120225,vegetable/herb
120322,animal
120324,animal
120358,animal
120383,animal
120409,vegetable/herb
120440,animal
120460,animal
120465,vegetable/herb
120597,animal
120628,vegetable/herb
120648,animal
120674,animal
120681,animal
120809,animal
120816,animal
120866,vegetable/herb
120879,animal
120942,vegetable/herb
121048,fruit
121050,vegetable/herb
121051,vegetable/herb
121087,vegetable/herb
121104,vegetable/herb
121128,vegetable/herb
121155,animal
121295,animal
121324,vegetable/herb
121370,vegetable/herb
121517,vegetable/herb
12161,vegetable/herb
121678,vegetable/herb
12186,fruit
12188,animal
121880,fruit
121906,animal
12191,animal
122072,animal
122105,animal
122106,animal
122107,vegetable/herb
122109,vegetable/herb
122200,animal
122284,vegetable/herb
122295,animal
122368,vegetable/herb
122466,vegetable/herb
122483,animal
122515,animal
122517,vegetable/herb
122563,animal
122603,animal
122710,vegetable/herb
122755,vegetable/herb
122757,animal
122758,animal
122809,animal
122851,animal
12293,vegetable/herb
122944,animal
123182,animal
123220,vegetable/herb
12323,fruit
123248,animal
123339,vegetable/herb
123351,vegetable/herb
123404,vegetable/herb
123414,animal
123440,vegetable/herb
123743,animal
123748,animal
123755,vegetable/herb
123853,animal
123939,vegetable/herb
123967,animal
123996,animal
124093,animal
124119,vegetable/herb
124356,vegetable/herb
124412,vegetable/herb
124475,vegetable/herb
124606,vegetable/herb
124843,vegetable/herb
124924,animal
124928,vegetable/herb
124971,vegetable/herb
12505,fruit
12507,animal
125082,vegetable/herb
125104,vegetable/herb
125109,animal
125174,animal
125444,animal
125454,fruit
125574,vegetable/herb
125632,vegetable/herb
125636,vegetable/herb
12571,fruit
125725,vegetable/herb
125728,vegetable/herb
125778,animal
12584,animal
125905,vegetable/herb
125950,vegetable/herb
126012,animal
126090,animal
126093,vegetable/herb
126142,animal
12615,animal
126220,animal
126248,vegetable/herb
126309,animal
126314,vegetable/herb
126355,animal
126378,animal
126381,animal
126383,animal
126426,animal
12646,vegetable/herb
126463,animal
126468,animal
126517,animal
126578,animal
126660,vegetable/herb
126790,vegetable/herb
126843,animal
126873,vegetable/herb
126941,vegetable/herb
12699,fruit
12700,fruit
1271,animal
127133,vegetable/herb
12719,fruit
127248,animal
12736,fruit
127365,vegetable/herb
127367,vegetable/herb
127389,vegetable/herb
127406,animal
12741,animal
127504,fruit
12752,animal
127531,vegetable/herb
127543,vegetable/herb
127580,vegetable/herb
127827,vegetable/herb
127838,vegetable/herb
128048,vegetable/herb
128069,vegetable/herb
128161,vegetable/herb
12822,fruit
128297,vegetable/herb
128305,vegetable/herb
128354,vegetable/herb
128373,vegetable/herb
128486,vegetable/herb
128519,vegetable/herb
128522,vegetable/herb
12860,animal
128634,vegetable/herb
128635,vegetable/herb
128651,animal
128714,vegetable/herb
128718,vegetable/herb
128758,animal
128796,vegetable/herb
128861,vegetable/herb
12887,animal
128908,animal
128985,vegetable/herb
128995,vegetable/herb
12900,animal
129222,animal
129292,vegetable/herb
129334,vegetable/herb
129363,animal
129366,animal
129459,vegetable/herb
129561,vegetable/herb
12958,animal
129590,animal
12960,animal
12962,vegetable/herb
129686,vegetable/herb
129767,vegetable/herb
129875,vegetable/herb
129908,vegetable/herb
129949,vegetable/herb
129956,vegetable/herb
130081,vegetable/herb
130229,vegetable/herb
13025,fruit
130341,vegetable/herb
130362,animal
130426,vegetable/herb
13045,animal
130458,animal
13050,animal
130613,vegetable/herb
13071,fruit
130740,vegetable/herb
130778,vegetable/herb
130889,vegetable/herb
130906,vegetable/herb
131,animal
131025,vegetable/herb
13105,fruit
131120,animal
131365,vegetable/herb
131383,vegetable/herb
131403,vegetable/herb
131407,vegetable/herb
131430,animal
131431,animal
13148,fruit
131483,vegetable/herb
131528,animal
131570,vegetable/herb
131710,vegetable/herb
13173,animal
131731,vegetable/herb
131765,fruit
13180,animal
13182,animal
13187,animal
131917,vegetable/herb
132055,animal
132128,vegetable/herb
132188,vegetable/herb
132257,vegetable/herb
132327,animal
132328,animal
132351,vegetable/herb
132392,animal
132418,vegetable/herb
132427,animal
132461,animal
132485,animal
132501,vegetable/herb
13266,fruit
132776,vegetable/herb
132970,vegetable/herb
133029,animal
133058,vegetable/herb
133124,fruit
133145,animal
133160,vegetable/herb
13328,animal
13331,fruit
13333,vegetable/herb
133364,animal
133390,animal
133441,vegetable/herb
133467,vegetable/herb
133559,animal
133635,vegetable/herb
133759,vegetable/herb
133795,vegetable/herb
133820,animal
133826,vegetable/herb
1341,fruit
134256,fruit
134261,animal
134290,vegetable/herb
134322,animal
134338,animal
134386,animal
134465,vegetable/herb
134630,vegetable/herb
134653,vegetable/herb
134655,vegetable/herb
134948,fruit
135040,fruit
13522,animal
135316,vegetable/herb
13532,fruit
135326,vegetable/herb
135347,animal
135372,fruit
135419,fruit
13548,fruit
135494,vegetable/herb
135617,vegetable/herb
135747,fruit
135754,vegetable/herb
135781,animal
135896,animal
13597,animal
136008,animal
136159,vegetable/herb
136174,animal
13619,animal
136205,animal
136233,vegetable/herb
13633,animal
136345,vegetable/herb
136388,vegetable/herb
136426,animal
136440,animal
13648,fruit
136519,animal
136556,vegetable/herb
136600,vegetable/herb
13662,animal
136651,vegetable/herb
136715,vegetable/herb
136718,vegetable/herb
136787,vegetable/herb
13679,fruit
136792,vegetable/herb
136811,vegetable/herb
136851,vegetable/herb
1370,fruit
137042,animal
137123,animal
137160,animal
137165,animal
137204,vegetable/herb
137241,vegetable/herb
137347,animal
13743,animal
13745,animal
137460,vegetable/herb
137485,vegetable/herb
137503,vegetable/herb
137595,vegetable/herb
137635,vegetable/herb
137671,vegetable/herb
137681,animal
137743,vegetable/herb
1378,fruit
137830,vegetable/herb
13788,animal
1379,fruit
137973,vegetable/herb
138001,fruit
13808,fruit
138105,vegetable/herb
138112,fruit
138114,vegetable/herb
13825,fruit
138385,animal
138416,vegetable/herb
138470,animal
13848,animal
138483,animal
138613,vegetable/herb
13866,fruit
13869,animal
138858,vegetable/herb
13889,fruit
138955,vegetable/herb
138995,vegetable/herb
13909,vegetable/herb
139379,vegetable/herb
139382,vegetable/herb
13939,animal
13952,fruit
139605,animal
139716,animal
139768,animal
139784,animal
139785,animal
139833,animal
139890,animal
139931,animal
139962,animal
140005,vegetable/herb
140017,animal
140061,animal
140103,vegetable/herb
140129,animal
140209,vegetable/herb
140470,vegetable/herb
140512,vegetable/herb
140521,vegetable/herb
140612,vegetable/herb
14065,fruit
14074,fruit
140791,animal
140928,vegetable/herb
140977,animal
141022,fruit
141049,vegetable/herb
141091,vegetable/herb
14118,fruit
141265,vegetable/herb
141329,vegetable/herb
141343,animal
141486,vegetable/herb
141487,vegetable/herb
14153,animal
141586,animal
141597,vegetable/herb
141840,animal
141843,vegetable/herb
141877,animal
1419,fruit
141995,animal
14203,animal
142045,animal
142048,vegetable/herb
142128,vegetable/herb
142133,vegetable/herb
142148,animal
142158,animal
142211,animal
142253,animal
142328,animal
142418,vegetable/herb
142419,vegetable/herb
142431,animal
142469,vegetable/herb
142470,vegetable/herb
142532,vegetable/herb
1426,animal
142612,vegetable/herb
142626,animal
142721,animal
142783,animal
142798,animal
142841,animal
142850,animal
142864,vegetable/herb
142868,animal
142894,animal
142927,animal
142938,animal
14294,fruit
142965,animal
142971,vegetable/herb
143037,animal
143038,animal
143044,animal
143045,animal
143124,vegetable/herb
143134,animal
143135,animal
143163,animal
143175,animal
143211,animal
143218,fruit
143219,animal
143222,animal
143224,animal
143225,animal
143240,animal
143241,vegetable/herb
143255,animal
143268,animal
143275,animal
143278,animal
143291,animal
143310,animal
143320,vegetable/herb
143322,animal
143338,vegetable/herb
143370,vegetable/herb
143374,vegetable/herb
143389,animal
143397,vegetable/herb
143406,animal
143409,animal
143435,animal
143454,animal
143456,animal
143492,vegetable/herb
143582,vegetable/herb
143634,animal
143652,animal
143733,vegetable/herb
143735,vegetable/herb
143775,animal
143806,vegetable/herb
143846,vegetable/herb
143912,fruit
143994,animal
144039,animal
144097,animal
14432,fruit
144347,vegetable/herb
14449,fruit
144497,animal
14453,fruit
144569,vegetable/herb
144579,animal
144695,vegetable/herb
144715,vegetable/herb
144723,vegetable/herb
144725,vegetable/herb
144729,vegetable/herb
14478,animal
144822,vegetable/herb
144894,vegetable/herb
144932,fruit
144984,fruit
145054,vegetable/herb
145055,fruit
145062,animal
145117,vegetable/herb
145136,vegetable/herb
145158,vegetable/herb
145218,fruit
145242,vegetable/herb
145245,vegetable/herb
145282,fruit
145319,fruit
145386,fruit
145403,vegetable/herb
145490,vegetable/herb
145491,vegetable/herb
145507,vegetable/herb
145549,fruit
145677,fruit
14570,animal
14578,animal
145786,animal
14581,fruit
145854,animal
146127,animal
146253,vegetable/herb
14626,fruit
146357,vegetable/herb
146383,fruit
146426,fruit
146427,vegetable/herb
146434,vegetable/herb
146574,fruit
146584,vegetable/herb
146667,vegetable/herb
146741,animal
146770,vegetable/herb
146995,vegetable/herb
147038,animal
147040,vegetable/herb
147045,animal
147094,vegetable/herb
1471,animal
147100,vegetable/herb
147148,animal
147168,animal
147191,animal
147250,animal
147302,vegetable/herb
147346,animal
147449,vegetable/herb
147540,animal
147658,vegetable/herb
147712,vegetable/herb
14776,vegetable/herb
147763,animal
147835,vegetable/herb
14788,fruit
1479,fruit
147956,animal
14805,fruit
148070,vegetable/herb
148168,vegetable/herb
14824,fruit
148260,animal
148279,animal
148281,animal
148316,animal
148433,vegetable/herb
14848,animal
148493,vegetable/herb
148531,vegetable/herb
14854,animal
148556,animal
148652,animal
148653,animal
148678,vegetable/herb
148743,vegetable/herb
148752,animal
148754,animal
148889,vegetable/herb
148982,animal
149026,animal
149075,vegetable/herb
149085,vegetable/herb
149140,animal
149225,animal
149321,animal
149332,animal
149458,vegetable/herb
149474,vegetable/herb
14950,animal
149566,vegetable/herb
149596,animal
149624,vegetable/herb
149680,animal
149707,animal
149743,animal
1498,animal
149811,animal
149853,animal
149881,vegetable/herb
149888,vegetable/herb
149903,vegetable/herb
149984,vegetable/herb
150033,vegetable/herb
150042,animal
150047,vegetable/herb
150062,animal
15009,fruit
150180,vegetable/herb
150281,vegetable/herb
150381,vegetable/herb
150513,vegetable/herb
150594,animal
150777,animal
150933,vegetable/herb
150942,animal
151076,animal
15121,fruit
151226,vegetable/herb
151278,vegetable/herb
151393,vegetable/herb
151410,animal
151647,vegetable/herb
151785,vegetable/herb
15179,fruit
151796,vegetable/herb
151882,vegetable/herb
151888,vegetable/herb
151895,vegetable/herb
151899,animal
15190,animal
151901,animal
151958,vegetable/herb
152155,vegetable/herb
152234,vegetable/herb
152253,vegetable/herb
15230,fruit
152412,animal
152541,animal
1526,animal
152632,vegetable/herb
152752,animal
152942,animal
152982,vegetable/herb
153128,vegetable/herb
153205,vegetable/herb
153306,vegetable/herb
153323,vegetable/herb
153331,animal
153594,animal
153676,animal
153798,vegetable/herb
153874,animal
153940,animal
153978,animal
154212,vegetable/herb
154216,vegetable/herb
15422,animal
154293,vegetable/herb
154379,animal
154429,animal
154523,animal
154532,animal
154537,animal
154588,animal
154617,vegetable/herb
154677,vegetable/herb
154710,animal
154731,vegetable/herb
154765,vegetable/herb
154846,vegetable/herb
154876,vegetable/herb
15508,animal
15512,fruit
155138,animal
155336,vegetable/herb
155369,vegetable/herb
155644,animal
155646,vegetable/herb
155736,vegetable/herb
155875,animal
155905,vegetable/herb
15598,vegetable/herb
155987,animal
15602,animal
156234,vegetable/herb
156312,vegetable/herb
15636,animal
156433,vegetable/herb
156453,vegetable/herb
156455,vegetable/herb
15661,fruit
156634,vegetable/herb
156812,animal
156864,animal
156945,animal
156955,animal
156967,animal
157006,animal
157066,vegetable/herb
157127,animal
157219,animal
157224,animal
157246,vegetable/herb
157375,vegetable/herb
157447,animal
157937,animal
157956,vegetable/herb
15797,animal
157970,animal
158148,vegetable/herb
158292,vegetable/herb
158493,animal
158667,animal
158687,animal
158759,animal
158771,vegetable/herb
159,animal
159003,vegetable/herb
159017,vegetable/herb
159033,vegetable/herb
159137,animal
159144,animal
159158,animal
159178,vegetable/herb
159193,animal
159251,animal
159261,animal
159272,animal
159354,vegetable/herb
159395,vegetable/herb
159445,vegetable/herb
159498,vegetable/herb
159571,vegetable/herb
159675,animal
1597,animal
159753,vegetable/herb
159814,vegetable/herb
1599,animal
15990,vegetable/herb
159924,vegetable/herb
159932,animal
159969,vegetable/herb
160010,vegetable/herb
160160,animal
160194,vegetable/herb
160325,animal
160395,animal
160419,animal
160451,vegetable/herb
160460,vegetable/herb
160474,animal
160481,animal
1605,fruit
160512,animal
160524,animal
160533,animal
160590,animal
160646,vegetable/herb
160685,vegetable/herb
160695,vegetable/herb
160706,animal
160711,animal
160781,vegetable/herb
160880,vegetable/herb
160883,animal
160904,animal
161073,animal
161094,animal
16114,animal
161153,animal
161179,animal
161245,animal
161398,vegetable/herb
161566,animal
161603,vegetable/herb
161629,vegetable/herb
161770,vegetable/herb
161783,vegetable/herb
161787,animal
161818,vegetable/herb
161883,vegetable/herb
161885,animal
162020,vegetable/herb
16205,fruit
16208,animal
162103,vegetable/herb
162415,vegetable/herb
162472,vegetable/herb
162516,vegetable/herb
162561,vegetable/herb
162582,animal
1627,animal
162739,animal
162765,animal
162766,animal
162799,animal
16284,fruit
162867,animal
162938,animal
162956,vegetable/herb
162961,animal
163,animal
163123,vegetable/herb
163128,animal
163166,vegetable/herb
163205,vegetable/herb
163206,vegetable/herb
163208,vegetable/herb
16329,fruit
163295,animal
163297,vegetable/herb
163359,vegetable/herb
163363,animal
163376,vegetable/herb
163425,vegetable/herb
163444,animal
163445,animal
163494,vegetable/herb
163635,vegetable/herb
1637,animal
163751,vegetable/herb
1638,fruit
163826,vegetable/herb
163840,animal
163853,vegetable/herb
163863,animal
163933,animal
163955,vegetable/herb
163982,animal
164031,animal
164046,animal
164097,animal
164119,animal
164296,animal
164354,animal
164580,animal
16465,fruit
164708,vegetable/herb
164726,vegetable/herb
16475,vegetable/herb
164979,animal
165036,animal
165115,animal
165129,animal
165140,animal
165182,animal
165189,animal
165203,animal
165207,vegetable/herb
165215,animal
165259,animal
165345,vegetable/herb
165356,animal
16536,fruit
165368,animal
16537,vegetable/herb
165381,animal
165402,animal
165411,animal
165455,vegetable/herb
165511,animal
16557,vegetable/herb
165582,animal
165587,vegetable/herb
1656,vegetable/herb
165616,fruit
16564,vegetable/herb
165720,animal
1658,fruit
165850,vegetable/herb
166081,animal
166122,animal
166127,animal
166197,vegetable/herb
166245,animal
166252,animal
166257,animal
166260,animal
166266,animal
166298,animal
166333,vegetable/herb
166406,vegetable/herb
166429,animal
166597,animal
16663,fruit
166680,vegetable/herb
166696,vegetable/herb
166730,vegetable/herb
166868,vegetable/herb
166893,vegetable/herb
166977,animal
166996,vegetable/herb
167005,vegetable/herb
167046,animal
16706,vegetable/herb
167147,animal
167195,animal
167370,vegetable/herb
167379,vegetable/herb
167414,animal
167519,vegetable/herb
16760,fruit
167696,animal
167851,animal
167905,animal
167908,vegetable/herb
167912,vegetable/herb
168045,vegetable/herb
168203,animal
168214,animal
168225,animal
168230,animal
168316,vegetable/herb
168318,vegetable/herb
168345,animal
168347,vegetable/herb
168384,animal
1684,animal
168461,vegetable/herb
168519,vegetable/herb
168531,vegetable/herb
168590,animal
168627,vegetable/herb
168956,vegetable/herb
169,animal
169017,vegetable/herb
169032,animal
169075,vegetable/herb
169183,vegetable/herb
169220,animal
169284,vegetable/herb
16934,animal
169541,animal
169683,vegetable/herb
169764,animal
16992,fruit
169969,animal
169974,vegetable/herb
169994,animal
1700,animal
170032,animal
170036,vegetable/herb
170082,animal
170653,vegetable/herb
170672,vegetable/herb
170713,vegetable/herb
170723,animal
170732,vegetable/herb
170750,vegetable/herb
170780,animal
17084,animal
170875,vegetable/herb
170962,animal
171064,animal
171087,animal
171104,animal
171201,animal
171210,vegetable/herb
171248,animal
171269,vegetable/herb
171288,vegetable/herb
171293,vegetable/herb
171321,vegetable/herb
171421,animal
171427,animal
171431,vegetable/herb
171435,vegetable/herb
171506,vegetable/herb
171550,vegetable/herb
171556,vegetable/herb
171577,vegetable/herb
171587,vegetable/herb
171661,vegetable/herb
171668,vegetable/herb
171705,vegetable/herb
171741,vegetable/herb
171828,vegetable/herb
171832,animal
171893,vegetable/herb
17196,fruit
172007,vegetable/herb
172019,vegetable/herb
172068,vegetable/herb
172077,vegetable/herb
172195,vegetable/herb
1722,fruit
172267,vegetable/herb
172288,vegetable/herb
172346,vegetable/herb
172407,vegetable/herb
172517,vegetable/herb
172545,vegetable/herb
172618,vegetable/herb
172688,vegetable/herb
172733,vegetable/herb
172816,animal
172817,vegetable/herb
172818,animal
172856,animal
172877,animal
172898,animal
172914,vegetable/herb
172937,animal
172959,animal
172982,animal
173065,vegetable/herb
173103,vegetable/herb
173113,vegetable/herb
173142,animal
173144,vegetable/herb
173149,animal
173255,vegetable/herb
173301,animal
173316,animal
173426,vegetable/herb
173496,vegetable/herb
173498,animal
173527,vegetable/herb
17355,fruit
173688,vegetable/herb
173720,animal
173763,vegetable/herb
173807,vegetable/herb
17401,fruit
174019,vegetable/herb
174102,vegetable/herb
174260,vegetable/herb
174278,vegetable/herb
174280,animal
17430,animal
174606,vegetable/herb
174646,vegetable/herb
1747,vegetable/herb
174703,vegetable/herb
174713,animal
174734,animal
174739,animal
174784,animal
1748,vegetable/herb
174855,animal
17487,fruit
174875,animal
17489,animal
174890,animal
174908,animal
174944,animal
174979,vegetable/herb
174987,animal
174996,vegetable/herb
17508,animal
175085,vegetable/herb
175123,animal
1752,animal
17523,vegetable/herb
175283,vegetable/herb
175405,vegetable/herb
175472,vegetable/herb
1755,animal
17560,fruit
175628,animal
17570,animal
175719,animal
175752,vegetable/herb
1758,animal
175813,vegetable/herb
175912,animal
175998,animal
17614,animal
176155,animal
176171,animal
1762,fruit
176212,animal
176225,animal
176277,vegetable/herb
17629,animal
176316,vegetable/herb
176317,vegetable/herb
176320,vegetable/herb
176334,vegetable/herb
176350,vegetable/herb
176370,vegetable/herb
176499,animal
176587,animal
176624,animal
176629,animal
176769,animal
176772,animal
176786,animal
176820,animal
176918,animal
176965,animal
176970,animal
176998,animal
177081,animal
17711,animal
177121,animal
177142,animal
177152,animal
177154,animal
177183,animal
177234,animal
177366,animal
177375,animal
177398,animal
177402,animal
177423,vegetable/herb
177437,vegetable/herb
177525,animal
177557,vegetable/herb
177608,animal
177662,vegetable/herb
177703,animal
177753,animal
177815,animal
177860,animal
177886,vegetable/herb
177903,fruit
177951,vegetable/herb
1780,animal
178103,vegetable/herb
178273,vegetable/herb
178372,animal
178374,animal
178421,vegetable/herb
178426,vegetable/herb
178453,vegetable/herb
178478,vegetable/herb
178502,vegetable/herb
178521,animal
178627,animal
178809,vegetable/herb
178851,animal
178877,animal
178884,animal
178911,vegetable/herb
178914,vegetable/herb
178923,vegetable/herb
178971,animal
179007,animal
179016,animal
179024,animal
179036,animal
179097,animal
179111,animal
179233,vegetable/herb
179265,vegetable/herb
179268,animal
179314,animal
179339,animal
179375,animal
179390,animal
179478,vegetable/herb
179531,animal
179623,vegetable/herb
179665,animal
179693,vegetable/herb
179774,vegetable/herb
179823,vegetable/herb
179842,vegetable/herb
179867,vegetable/herb
179884,animal
18003,fruit
180075,vegetable/herb
180260,animal
180274,animal
180295,vegetable/herb
180358,animal
180360,animal
180368,animal
180444,vegetable/herb
180468,animal
180469,animal
180513,vegetable/herb
180562,vegetable/herb
180581,animal
180590,vegetable/herb
180609,animal
180722,vegetable/herb
180809,animal
1809,fruit
181013,animal
181014,animal
18104,fruit
181102,animal
181185,vegetable/herb
18121,fruit
181254,animal
181277,animal
181289,animal
181310,animal
181332,vegetable/herb
181404,animal
181405,animal
181428,animal
181523,animal
181612,animal
181703,animal
18174,fruit
181759,vegetable/herb
181766,vegetable/herb
181782,vegetable/herb
181915,vegetable/herb
182005,animal
18203,vegetable/herb
18207,fruit
182297,animal
182342,animal
182344,animal
18237,animal
182388,vegetable/herb
182423,animal
18246,animal
182467,animal
1826,vegetable/herb
18263,fruit
18271,fruit
182722,vegetable/herb
183016,vegetable/herb
18304,fruit
183078,vegetable/herb
183094,vegetable/herb
183097,vegetable/herb
183106,vegetable/herb
183136,vegetable/herb
183150,vegetable/herb
183185,animal
183190,vegetable/herb
183197,vegetable/herb
18322,animal
183366,animal
183368,animal
183399,animal
183541,vegetable/herb
18369,animal
183750,vegetable/herb
183785,animal
183793,animal
183794,vegetable/herb
183893,animal
1839,animal
183923,vegetable/herb
184080,animal
184216,vegetable/herb
184270,vegetable/herb
184278,vegetable/herb
184289,animal
184360,vegetable/herb
1845,animal
18452,fruit
184570,animal
184572,vegetable/herb
184615,animal
184617,animal
184745,animal
18477,fruit
184777,animal
184778,animal
18478,fruit
184882,vegetable/herb
184907,vegetable/herb
184974,vegetable/herb
184982,vegetable/herb
185006,animal
18502,vegetable/herb
185062,vegetable/herb
18530,animal
185316,vegetable/herb
185365,vegetable/herb
185477,animal
185635,animal
185649,animal
185708,vegetable/herb
185734,vegetable/herb
185792,animal
185989,vegetable/herb
185991,vegetable/herb
186044,animal
186080,vegetable/herb
186126,vegetable/herb
186163,animal
18625,fruit
186267,animal
186539,animal
18659,fruit
186629,vegetable/herb
186692,animal
186706,vegetable/herb
186714,animal
186717,animal
186797,vegetable/herb
186902,animal
186925,animal
186929,animal
186938,vegetable/herb
186988,vegetable/herb
187066,animal
187120,vegetable/herb
187153,animal
187192,animal
187209,animal
187253,animal
187287,animal
187288,animal
187294,animal
187350,vegetable/herb
187371,vegetable/herb
187379,vegetable/herb
187390,vegetable/herb
187431,vegetable/herb
187463,vegetable/herb
187467,vegetable/herb
187470,animal
187473,animal
187503,animal
187565,animal
187571,animal
187580,vegetable/herb
187588,vegetable/herb
187600,animal
187608,vegetable/herb
187624,vegetable/herb
187628,vegetable/herb
187679,vegetable/herb
1877,vegetable/herb
187780,animal
187784,animal
187853,animal
18786,animal
188006,vegetable/herb
188033,vegetable/herb
188099,animal
188156,animal
188215,animal
188453,vegetable/herb
188469,animal
188487,vegetable/herb
18854,fruit
188625,animal
188781,vegetable/herb
188786,animal
188805,animal
188817,vegetable/herb
189016,animal
189019,vegetable/herb
189027,animal
189218,vegetable/herb
189246,vegetable/herb
189248,vegetable/herb
189406,animal
18958,fruit
18964,animal
18972,vegetable/herb
189874,vegetable/herb
189884,vegetable/herb
190107,vegetable/herb
190113,vegetable/herb
190120,vegetable/herb
190222,vegetable/herb
1903,animal
190395,vegetable/herb
190434,vegetable/herb
190512,animal
190686,vegetable/herb
190687,vegetable/herb
190710,vegetable/herb
190741,animal
190839,animal
191008,vegetable/herb
191059,vegetable/herb
191081,animal
191114,vegetable/herb
191168,vegetable/herb
191188,vegetable/herb
19119,animal
191204,vegetable/herb
19121,animal
191387,animal
19139,animal
191390,vegetable/herb
191417,vegetable/herb
191436,vegetable/herb
191451,animal
191468,vegetable/herb
191506,vegetable/herb
191558,vegetable/herb
191609,vegetable/herb
191616,vegetable/herb
191674,animal
191698,vegetable/herb
191726,animal
191752,vegetable/herb
19181,fruit
191881,animal
191905,animal
19194,vegetable/herb
191982,vegetable/herb
192000,animal
192007,vegetable/herb
192068,animal
192083,animal
192088,animal
19219,animal
19224,animal
192264,vegetable/herb
192273,animal
19229,animal
192312,animal
192335,vegetable/herb
192356,animal
192500,animal
192509,vegetable/herb
192539,animal
192544,vegetable/herb
192561,animal
19258,animal
192601,animal
192623,animal
192674,vegetable/herb
192676,animal
192691,animal
192703,animal
192768,animal
192837,vegetable/herb
192850,vegetable/herb
192874,animal
1929,vegetable/herb
192919,animal
192955,vegetable/herb
192983,animal
193024,animal
193027,vegetable/herb
193049,animal
193055,animal
19307,fruit
193077,vegetable/herb
193108,animal
193138,animal
193155,animal
193191,vegetable/herb
193226,animal
193307,vegetable/herb
193352,vegetable/herb
193403,vegetable/herb
193445,vegetable/herb
193447,vegetable/herb
193578,animal
193654,animal
193674,vegetable/herb
193711,animal
193805,animal
193820,vegetable/herb
193835,animal
1939,vegetable/herb
194138,animal
194146,animal
194254,vegetable/herb
194261,animal
194264,vegetable/herb
194317,vegetable/herb
194406,animal
194443,vegetable/herb
194478,animal
194480,animal
194877,vegetable/herb
19488,fruit
194891,vegetable/herb
19493,animal
194936,animal
194969,animal
195054,animal
195111,vegetable/herb
195146,vegetable/herb
195223,animal
195360,vegetable/herb
195423,vegetable/herb
195425,animal
195438,vegetable/herb
19549,fruit
195583,vegetable/herb
195592,animal
195596,vegetable/herb
195613,animal
195655,vegetable/herb
19569,fruit
195782,vegetable/herb
195791,animal
1958,animal
195890,vegetable/herb
195897,vegetable/herb
196175,animal
196179,vegetable/herb
196299,vegetable/herb
196355,animal
196368,vegetable/herb
196476,vegetable/herb
196665,vegetable/herb
196678,vegetable/herb
196771,vegetable/herb
196828,vegetable/herb
196835,animal
196856,vegetable/herb
196868,vegetable/herb
197081,vegetable/herb
197093,vegetable/herb
197105,vegetable/herb
1972,animal
197205,animal
197217,vegetable/herb
197244,vegetable/herb
197246,vegetable/herb
197260,vegetable/herb
19732,fruit
197452,animal
197521,vegetable/herb
197533,vegetable/herb
19759,fruit
1976,fruit
197791,vegetable/herb
19781,fruit
197849,vegetable/herb
197947,animal
19795,fruit
197980,animal
198033,vegetable/herb
198091,animal
198124,animal
198126,animal
198138,vegetable/herb
198164,vegetable/herb
198214,vegetable/herb
198215,vegetable/herb
198256,animal
19832,fruit
198346,vegetable/herb
198467,vegetable/herb
198527,vegetable/herb
198540,vegetable/herb
198557,vegetable/herb
198578,vegetable/herb
198607,vegetable/herb
198737,vegetable/herb
198801,animal
198897,fruit
19890,fruit
199020,vegetable/herb
199061,animal
199066,vegetable/herb
199149,vegetable/herb
199213,vegetable/herb
199333,vegetable/herb
199350,vegetable/herb
199395,vegetable/herb
19941,animal
199533,animal
19961,vegetable/herb
199668,vegetable/herb
199686,animal
19969,fruit
19988,fruit
199923,animal
199981,vegetable/herb
200008,animal
200101,vegetable/herb
200114,vegetable/herb
200153,vegetable/herb
200168,animal
200179,animal
200210,vegetable/herb
200216,vegetable/herb
200233,animal
200262,vegetable/herb
200312,animal
200391,vegetable/herb
200442,vegetable/herb
200487,animal
200491,vegetable/herb
200498,vegetable/herb
200631,vegetable/herb
200768,vegetable/herb
20078,animal
200908,animal
201008,animal
201054,animal
20120,fruit
201206,vegetable/herb
201219,vegetable/herb
201376,animal
201412,vegetable/herb
20150,fruit
201511,vegetable/herb
201554,animal
201730,vegetable/herb
201796,vegetable/herb
201832,vegetable/herb
20187,fruit
201960,vegetable/herb
201978,vegetable/herb
202021,vegetable/herb
202033,vegetable/herb
202066,vegetable/herb
202088,vegetable/herb
202179,vegetable/herb
202187,vegetable/herb
202217,vegetable/herb
202229,animal
202256,animal
202345,animal
202355,animal
202380,vegetable/herb
202385,vegetable/herb
202455,vegetable/herb
202472,animal
202532,vegetable/herb
202580,vegetable/herb
202611,animal
20267,fruit
20278,fruit
202842,vegetable/herb
20287,animal
202889,vegetable/herb
202892,animal
20292,animal
203133,animal
203215,vegetable/herb
203217,vegetable/herb
203240,vegetable/herb
203388,animal
203512,vegetable/herb
203545,vegetable/herb
20357,animal
203658,vegetable/herb
203662,vegetable/herb
203683,vegetable/herb
203692,vegetable/herb
20371,fruit
203781,vegetable/herb
203846,vegetable/herb
203868,vegetable/herb
203885,animal
203906,vegetable/herb
203927,vegetable/herb
204039,vegetable/herb
20406,fruit
204090,vegetable/herb
204116,vegetable/herb
204176,vegetable/herb
204408,vegetable/herb
204481,vegetable/herb
2045,fruit
204539,vegetable/herb
204551,vegetable/herb
204555,vegetable/herb
204622,vegetable/herb
204624,vegetable/herb
204652,vegetable/herb
204655,animal
204700,animal
204702,vegetable/herb
204723,vegetable/herb
204726,animal
204850,animal
204859,vegetable/herb
204908,vegetable/herb
20494,vegetable/herb
205060,vegetable/herb
205096,vegetable/herb
205175,vegetable/herb
205214,vegetable/herb
205241,vegetable/herb
205310,animal
205376,vegetable/herb
2054,fruit
205478,vegetable/herb
205598,animal
2056,animal
205614,animal
205632,vegetable/herb
205655,vegetable/herb
20574,fruit
20576,fruit
2058,animal
20581,animal
205817,vegetable/herb
205954,animal
206009,vegetable/herb
206032,vegetable/herb
206199,vegetable/herb
206232,animal
206397,vegetable/herb
206448,vegetable/herb
20655,fruit
206595,vegetable/herb
206598,vegetable/herb
206705,vegetable/herb
20681,fruit
206848,vegetable/herb
206891,vegetable/herb
206951,vegetable/herb
206987,vegetable/herb
206992,vegetable/herb
206995,vegetable/herb
207018,vegetable/herb
207021,animal
207058,animal
207073,vegetable/herb
207097,vegetable/herb
207119,vegetable/herb
20713,vegetable/herb
207133,vegetable/herb
207155,animal
207176,vegetable/herb
207193,vegetable/herb
207222,vegetable/herb
207224,vegetable/herb
207278,vegetable/herb
207369,vegetable/herb
207428,vegetable/herb
207439,animal
207446,vegetable/herb
20746,animal
207530,vegetable/herb
207532,animal
207545,vegetable/herb
207602,vegetable/herb
207814,animal
207945,vegetable/herb
208016,vegetable/herb
208103,vegetable/herb
208113,animal
208318,vegetable/herb
208434,animal
208439,vegetable/herb
208454,animal
208459,vegetable/herb
208481,vegetable/herb
208491,animal
208495,animal
208509,vegetable/herb
20851,fruit
20852,vegetable/herb
208610,vegetable/herb
208658,vegetable/herb
208675,vegetable/herb
20868,animal
208865,vegetable/herb
208867,vegetable/herb
208901,vegetable/herb
208906,vegetable/herb
209149,vegetable/herb
209163,animal
209311,animal
209314,animal
209370,vegetable/herb
209406,vegetable/herb
209523,vegetable/herb
209583,vegetable/herb
209590,animal
209591,vegetable/herb
209604,animal
209674,vegetable/herb
209695,vegetable/herb
209711,vegetable/herb
209726,vegetable/herb
209760,vegetable/herb
209781,animal
209784,vegetable/herb
209816,vegetable/herb
209830,vegetable/herb
209862,animal
209875,vegetable/herb
209908,vegetable/herb
209927,animal
209946,vegetable/herb
20999,vegetable/herb
210085,vegetable/herb
210109,vegetable/herb
210324,vegetable/herb
210369,vegetable/herb
210389,vegetable/herb
210440,animal
210474,vegetable/herb
210482,vegetable/herb
210512,animal
210673,vegetable/herb
210703,vegetable/herb
210739,animal
210781,vegetable/herb
2108,animal
210802,animal
210817,vegetable/herb
210861,vegetable/herb
210872,vegetable/herb
211069,animal
21110,animal
211116,vegetable/herb
211237,vegetable/herb
211341,vegetable/herb
211480,vegetable/herb
21150,animal
211540,vegetable/herb
211623,vegetable/herb
211639,vegetable/herb
211640,animal
211926,vegetable/herb
21199,animal
212004,vegetable/herb
212103,vegetable/herb
212130,vegetable/herb
212132,vegetable/herb
212169,vegetable/herb
212194,vegetable/herb
212265,vegetable/herb
212282,vegetable/herb
212347,vegetable/herb
212402,vegetable/herb
21241,animal
212590,vegetable/herb
2126,vegetable/herb
212676,vegetable/herb
212725,vegetable/herb
212769,vegetable/herb
212800,vegetable/herb
213059,vegetable/herb
213180,vegetable/herb
213221,vegetable/herb
213312,vegetable/herb
213338,vegetable/herb
213462,vegetable/herb
213546,vegetable/herb
213689,vegetable/herb
213792,animal
213893,vegetable/herb
213895,animal
213997,vegetable/herb
213999,vegetable/herb
214,animal
214012,vegetable/herb
214064,vegetable/herb
214110,vegetable/herb
214169,animal
214172,vegetable/herb
214174,animal
214180,animal
214245,vegetable/herb
214252,vegetable/herb
214275,vegetable/herb
214297,vegetable/herb
214320,vegetable/herb
214430,vegetable/herb
214520,animal
21460,fruit
214631,animal
214683,vegetable/herb
214751,vegetable/herb
214768,vegetable/herb
214800,vegetable/herb
214809,vegetable/herb
214814,animal
214821,vegetable/herb
21483,fruit
214854,animal
214890,vegetable/herb
214917,animal
215,animal
215037,vegetable/herb
21514,fruit
215178,vegetable/herb
215879,vegetable/herb
2165,animal
21656,fruit
21698,animal
217024,vegetable/herb
21712,fruit
217232,vegetable/herb
2173,animal
218040,vegetable/herb
21812,animal
218247,vegetable/herb
218292,vegetable/herb
218392,vegetable/herb
218471,animal
21856,animal
218652,animal
218831,animal
21933,vegetable/herb
21939,fruit
22012,fruit
220145,animal
22041,vegetable/herb
220432,vegetable/herb
220444,animal
22075,fruit
220835,animal
220881,vegetable/herb
221271,animal
2213,vegetable/herb
221413,animal
222208,vegetable/herb
2223,vegetable/herb
222317,vegetable/herb
222464,animal
22251,fruit
222864,vegetable/herb
22340,fruit
224020,animal
224163,vegetable/herb
224223,animal
224317,animal
224438,animal
22458,fruit
224585,animal
2246,animal
224701,animal
224866,animal
2251,animal
225467,vegetable/herb
22558,animal
226059,vegetable/herb
226545,vegetable/herb
2267,animal
22690,fruit
22709,fruit
227445,vegetable/herb
227480,animal
227866,animal
227867,animal
228081,vegetable/herb
22818,fruit
22826,fruit
22848,fruit
2285,fruit
22852,fruit
2286,animal
22909,fruit
229172,animal
229341,animal
22937,fruit
229712,animal
229845,animal
22995,fruit
231028,animal
231255,vegetable/herb
2314,vegetable/herb
23172,animal
231884,animal
23204,fruit
23214,fruit
23249,fruit
232750,animal
234,animal
234220,animal
234267,animal
234283,animal
234373,animal
234423,animal
234766,animal
2348,fruit
23531,fruit
235408,animal
235503,animal
23554,fruit
236009,animal
236092,animal
23626,animal
236360,animal
236419,animal
23649,fruit
236524,animal
236561,animal
23767,fruit
23771,fruit
23806,fruit
238175,animal
23838,fruit
238429,animal
238712,animal
2392,animal
23925,fruit
23963,vegetable/herb
23976,fruit
239895,animal
2400,animal
240177,animal
240206,vegetable/herb
240309,animal
2405,animal
240587,animal
240604,animal
240680,animal
240737,animal
240763,animal
24081,fruit
240814,animal
2409,fruit
24099,fruit
24127,fruit
24167,fruit
2420,fruit
242152,vegetable/herb
24218,fruit
2422,animal
242242,animal
242611,animal
242805,animal
24296,animal
242995,animal
243,animal
24359,fruit
243598,animal
243622,animal
2447,animal
2448,animal
244859,animal
245481,animal
245558,animal
245581,animal
245616,animal
245981,animal
246,animal
246177,animal
246538,vegetable/herb
246694,animal
246759,animal
246773,vegetable/herb
24697,vegetable/herb
247050,vegetable/herb
247107,vegetable/herb
247110,vegetable/herb
247180,vegetable/herb
247189,animal
247191,vegetable/herb
247335,vegetable/herb
247375,animal
24739,vegetable/herb
247443,vegetable/herb
247451,animal
247453,vegetable/herb
247481,vegetable/herb
247493,animal
247502,animal
247578,animal
247615,animal
247630,animal
247664,animal
247687,animal
247762,animal
247796,animal
247856,animal
247867,animal
247872,animal
247877,animal
247909,animal
247941,animal
247982,animal
247992,animal
24821,fruit
24913,animal
25049,fruit
2507,fruit
2511,vegetable/herb
2525,fruit
2529,animal
253,animal
25302,vegetable/herb
25327,fruit
2533,animal
2544,animal
25489,vegetable/herb
25507,fruit
2553,animal
25532,fruit
25778,animal
25881,animal
25884,fruit
25920,animal
25922,animal
2597,vegetable/herb
25976,vegetable/herb
2604,animal
2605,fruit
2606,animal
26071,fruit
26079,fruit
2610,animal
26180,fruit
26182,fruit
262,animal
2630,animal
26306,vegetable/herb
2647,vegetable/herb
266,animal
26722,animal
26723,fruit
26804,fruit
2683,vegetable/herb
26841,animal
27021,fruit
2708,vegetable/herb
27170,fruit
27196,vegetable/herb
2724,fruit
27403,animal
2741,vegetable/herb
2748,animal
27522,fruit
27638,fruit
2764,vegetable/herb
27663,fruit
27686,fruit
2774,vegetable/herb
27742,animal
2787,animal
27930,fruit
27935,animal
2794,animal
2796,animal
2803,animal
2806,fruit
28068,fruit
2808,fruit
2812,vegetable/herb
2816,fruit
28165,fruit
28222,fruit
28286,vegetable/herb
2830,animal
28302,animal
28409,vegetable/herb
28631,animal
2878,fruit
28875,animal
2889,vegetable/herb
28959,animal
28969,animal
290,animal
29002,animal
29196,fruit
292,animal
29203,vegetable/herb
29362,animal
29440,fruit
29442,fruit
29475,fruit
29502,fruit
29504,fruit
29607,animal
29612,animal
2968,vegetable/herb
29850,fruit
29974,vegetable/herb
2999,vegetable/herb
30018,vegetable/herb
30101,fruit
30155,animal
3017,animal
30193,fruit
3026,vegetable/herb
3028,animal
30356,fruit
30445,vegetable/herb
30447,fruit
30470,animal
30514,animal
30583,fruit
30629,fruit
30720,fruit
3073,fruit
3082,animal
30854,fruit
30889,fruit
30937,animal
31084,fruit
31107,animal
3116,vegetable/herb
31217,fruit
31221,animal
3132,animal
31398,fruit
31489,fruit
31539,animal
31589,animal
31624,vegetable/herb
31691,fruit
3172,fruit
3180,animal
31928,animal
31932,fruit
31974,fruit
320,animal
32082,vegetable/herb
32156,fruit
32218,fruit
3224,vegetable/herb
32286,fruit
3236,fruit
32389,animal
3241,vegetable/herb
3242,vegetable/herb
32453,vegetable/herb
32508,fruit
32539,fruit
32564,fruit
3268,vegetable/herb
3272,fruit
32889,animal
32912,fruit
33095,fruit
33098,animal
3310,animal
33160,fruit
33542,vegetable/herb
3356,animal
33571,fruit
33759,animal
33762,fruit
33896,animal
3393,animal
33947,vegetable/herb
33975,fruit
34036,fruit
34044,fruit
3407,animal
34083,fruit
341,fruit
3411,animal
34119,animal
34168,animal
34173,fruit
34212,animal
34224,animal
34254,vegetable/herb
34433,fruit
34448,animal
34490,fruit
34494,fruit
3453,vegetable/herb
34563,fruit
34586,animal
34592,animal
3462,vegetable/herb
34658,animal
34688,animal
34758,animal
3481,vegetable/herb
34822,fruit
34844,fruit
34849,animal
34949,animal
3496,fruit
34963,fruit
35020,animal
3504,vegetable/herb
35091,fruit
3511,animal
35145,animal
3519,vegetable/herb
35202,fruit
35205,animal
35222,animal
35270,animal
35300,fruit
35407,fruit
35463,animal
3547,fruit
3552,animal
35528,animal
35608,animal
35621,vegetable/herb
35685,animal
3578,fruit
35822,vegetable/herb
35825,animal
35847,fruit
3590,vegetable/herb
35913,vegetable/herb
3595,vegetable/herb
3603,fruit
36037,animal
36041,fruit
3605,vegetable/herb
36081,animal
36082,fruit
36118,fruit
3618,vegetable/herb
3621,animal
36216,fruit
36219,fruit
3662,fruit
36647,animal
36669,fruit
3674,vegetable/herb
36844,fruit
36845,fruit
36846,animal
36959,animal
3703,fruit
37080,vegetable/herb
37118,animal
37182,fruit
37189,vegetable/herb
37211,vegetable/herb
37224,animal
37260,fruit
37322,vegetable/herb
37330,vegetable/herb
37452,vegetable/herb
37477,animal
37493,animal
37506,fruit
37527,animal
37532,fruit
37533,animal
37547,fruit
3755,vegetable/herb
37569,animal
37573,animal
37600,fruit
37613,animal
37633,animal
37644,animal
37678,animal
37695,fruit
37763,animal
378,animal
3782,vegetable/herb
3787,fruit
37922,animal
3804,fruit
38052,fruit
38119,animal
38170,fruit
38185,fruit
38186,animal
3821,fruit
38235,fruit
38245,fruit
38364,fruit
38375,animal
3841,animal
38456,fruit
3863,vegetable/herb
38654,fruit
3873,fruit
3880,fruit
38844,vegetable/herb
3887,fruit
39004,animal
39017,animal
39113,animal
39154,vegetable/herb
3924,vegetable/herb
39240,animal
3929,fruit
39319,animal
39322,animal
39381,fruit
39406,vegetable/herb
39429,vegetable/herb
39457,fruit
39483,animal
39498,fruit
39527,vegetable/herb
39577,animal
39618,fruit
3973,vegetable/herb
3976,animal
39765,fruit
39868,animal
39876,vegetable/herb
39949,animal
39950,animal
3997,vegetable/herb
40009,animal
40013,animal
40050,animal
40071,animal
40094,fruit
40158,fruit
4021,animal
40276,animal
40491,animal
40525,animal
40531,vegetable/herb
40541,animal
4055,animal
40570,animal
40572,vegetable/herb
40576,fruit
4060,fruit
4061,vegetable/herb
40669,animal
40702,animal
40780,animal
40812,fruit
40837,animal
4085,animal
41010,fruit
41011,animal
41019,vegetable/herb
41145,animal
41170,fruit
41183,fruit
4119,vegetable/herb
41194,animal
41254,animal
4128,fruit
4132,vegetable/herb
4135,vegetable/herb
41381,animal
414,animal
41434,animal
41446,fruit
41485,animal
4149,fruit
41499,fruit
41533,animal
41618,animal
4165,vegetable/herb
4166,vegetable/herb
41677,fruit
41689,animal
41734,animal
4180,animal
41862,fruit
41931,animal
41938,fruit
41961,fruit
42037,fruit
4204,animal
42057,animal
42058,fruit
4211,vegetable/herb
42126,fruit
42147,animal
4219,vegetable/herb
42204,fruit
42225,fruit
42247,fruit
42277,fruit
42296,fruit
42354,animal
42365,animal
42425,animal
42426,animal
42465,vegetable/herb
42581,vegetable/herb
42633,fruit
42634,fruit
42659,animal
42672,animal
42685,fruit
42918,animal
42958,vegetable/herb
43013,vegetable/herb
4303,vegetable/herb
4304,fruit
43041,animal
431,animal
43123,fruit
4315,animal
43270,animal
43279,vegetable/herb
43280,animal
43294,animal
43319,vegetable/herb
43409,animal
43411,vegetable/herb
4344,vegetable/herb
43458,animal
4350,vegetable/herb
43526,animal
43579,animal
43580,animal
43593,vegetable/herb
43601,animal
43618,animal
43663,animal
43916,animal
4395,vegetable/herb
43950,animal
43979,animal
44021,animal
4403,animal
44136,animal
44138,fruit
44160,animal
44166,fruit
4431,vegetable/herb
44320,fruit
44341,animal
44376,fruit
44439,vegetable/herb
44512,vegetable/herb
4454,vegetable/herb
44546,vegetable/herb
4455,animal
44569,animal
4459,animal
446,fruit
4465,vegetable/herb
44666,animal
44747,animal
4485,vegetable/herb
44921,animal
44922,animal
45016,animal
45031,animal
45037,animal
4505,vegetable/herb
45060,animal
45076,animal
45166,animal
4518,vegetable/herb
45245,fruit
45246,vegetable/herb
45276,animal
4536,vegetable/herb
45378,vegetable/herb
4543,animal
45446,animal
45464,animal
45472,vegetable/herb
45545,animal
45562,fruit
45610,fruit
45666,animal
45728,fruit
45749,vegetable/herb
45750,fruit
4576,vegetable/herb
45780,animal
45849,fruit
45854,animal
45911,fruit
45923,fruit
46012,animal
46017,fruit
46033,animal
46119,animal
46193,vegetable/herb
46204,animal
4627,vegetable/herb
46416,fruit
46417,vegetable/herb
4649,vegetable/herb
46665,vegetable/herb
46683,animal
46687,fruit
46711,fruit
46730,animal
4677,vegetable/herb
46794,fruit
46809,fruit
4686,vegetable/herb
46867,fruit
4691,animal
46910,vegetable/herb
47193,animal
4728,vegetable/herb
47313,animal
47325,animal
47446,animal
47454,animal
47462,fruit
47485,animal
47536,vegetable/herb
47567,vegetable/herb
47574,vegetable/herb
47623,animal
47655,vegetable/herb
47658,animal
4772,vegetable/herb
4776,vegetable/herb
47796,fruit
47808,animal
47809,animal
47875,fruit
47895,animal
48025,animal
48078,fruit
48097,fruit
48204,animal
48267,vegetable/herb
4830,vegetable/herb
48339,fruit
48402,fruit
48445,animal
4855,animal
48562,animal
48599,animal
48601,animal
48605,animal
48606,animal
4861,vegetable/herb
4862,vegetable/herb
48632,animal
48679,animal
48771,animal
48805,animal
48835,vegetable/herb
48839,animal
48849,fruit
4888,vegetable/herb
48910,animal
49008,animal
49046,animal
4906,vegetable/herb
4908,animal
4921,vegetable/herb
49331,fruit
49583,animal
49595,fruit
49699,animal
49799,fruit
49943,animal
49971,animal
49994,animal
50059,fruit
5013,fruit
50180,fruit
50234,fruit
5026,animal
50367,vegetable/herb
50384,fruit
50443,fruit
50467,animal
50479,fruit
5055,vegetable/herb
50550,vegetable/herb
50597,animal
5060,animal
50643,vegetable/herb
50644,animal
50650,animal
50655,animal
50675,animal
50679,vegetable/herb
50698,vegetable/herb
50721,animal
50759,animal
5076,animal
50803,animal
5090,fruit
50900,fruit
50932,animal
50937,animal
50938,animal
50946,animal
51073,animal
51131,animal
51170,animal
51186,fruit
51192,vegetable/herb
51211,animal
51241,fruit
51247,vegetable/herb
51286,fruit
51316,vegetable/herb
51340,animal
51401,vegetable/herb
5144,vegetable/herb
5147,fruit
51477,vegetable/herb
51504,vegetable/herb
51514,fruit
51539,fruit
51548,animal
51612,fruit
5162,vegetable/herb
51635,fruit
51726,vegetable/herb
51843,fruit
51936,animal
51948,vegetable/herb
52005,fruit
52034,animal
52035,fruit
52049,fruit
52054,animal
52098,animal
52118,animal
52119,animal
52131,fruit
52156,fruit
5219,vegetable/herb
52245,fruit
52293,animal
52334,animal
52387,animal
52390,animal
52430,fruit
52452,fruit
52457,vegetable/herb
52479,animal
52612,animal
52615,fruit
52629,vegetable/herb
52659,animal
52670,animal
52709,fruit
52778,animal
52800,fruit
52815,animal
52871,animal
52899,animal
52909,animal
52924,fruit
52949,animal
52950,animal
52987,vegetable/herb
53035,fruit
53042,fruit
53046,vegetable/herb
53136,animal
53144,animal
53216,fruit
53353,animal
53358,animal
53393,animal
53403,vegetable/herb
5342,vegetable/herb
5355,vegetable/herb
5357,animal
53574,animal
53706,vegetable/herb
53801,animal
53884,animal
53910,fruit
53923,animal
53982,vegetable/herb
53999,fruit
54117,fruit
5412,vegetable/herb
54172,vegetable/herb
54176,vegetable/herb
54187,animal
54219,animal
54277,vegetable/herb
54294,animal
54366,animal
54368,fruit
54369,animal
5444,animal
54448,animal
54495,vegetable/herb
54512,fruit
5453,fruit
54586,animal
54644,fruit
54776,animal
54787,fruit
54847,fruit
54924,vegetable/herb
54936,animal
55038,animal
5517,vegetable/herb
55170,animal
55198,animal
55199,animal
55342,fruit
55356,vegetable/herb
5540,vegetable/herb
55410,vegetable/herb
55437,animal
55477,vegetable/herb
55504,fruit
55540,animal
55576,vegetable/herb
5560,vegetable/herb
55600,vegetable/herb
5562,fruit
55684,animal
55730,vegetable/herb
55750,vegetable/herb
55778,animal
55817,animal
55837,vegetable/herb
55859,animal
5586,vegetable/herb
55867,fruit
55907,vegetable/herb
5596,vegetable/herb
55983,vegetable/herb
56025,vegetable/herb
56046,animal
56066,animal
56128,animal
56182,fruit
56190,fruit
56294,animal
56308,animal
56349,animal
5639,vegetable/herb
56398,animal
5643,fruit
56448,fruit
56459,animal
56462,animal
5649,fruit
5658,fruit
56619,animal
5670,vegetable/herb
5674,fruit
5675,vegetable/herb
56754,vegetable/herb
56756,vegetable/herb
56766,vegetable/herb
56813,animal
56824,animal
5687,animal
56902,animal
57026,fruit
57072,vegetable/herb
5712,animal
57177,animal
57344,fruit
57372,animal
5749,vegetable/herb
57597,animal
5762,fruit
57667,animal
57738,animal
5780,vegetable/herb
57835,animal
5789,fruit
57935,animal
57938,animal
58056,fruit
58081,vegetable/herb
58134,animal
5815,animal
5821,animal
5822,vegetable/herb
5825,vegetable/herb
5831,vegetable/herb
58511,fruit
58584,vegetable/herb
58631,vegetable/herb
58666,animal
58690,vegetable/herb
58805,fruit
5888,animal
58885,animal
58889,fruit
58912,vegetable/herb
59001,vegetable/herb
59077,vegetable/herb
59114,vegetable/herb
59138,vegetable/herb
59210,vegetable/herb
59255,fruit
59267,fruit
59277,animal
59288,vegetable/herb
59313,animal
59397,animal
5943,vegetable/herb
59458,animal
59485,animal
59518,vegetable/herb
59589,animal
59621,fruit
59631,vegetable/herb
59638,animal
5970,animal
59710,vegetable/herb
59729,animal
59796,fruit
59820,animal
59832,animal
5985,animal
59851,vegetable/herb
5990,vegetable/herb
59943,animal
60051,animal
60069,fruit
6011,vegetable/herb
60140,vegetable/herb
60167,animal
60247,animal
60294,animal
60313,animal
60323,animal
60337,vegetable/herb
60366,vegetable/herb
60380,vegetable/herb
60449,animal
60478,animal
60513,animal
60585,animal
60616,animal
60652,animal
60743,vegetable/herb
60766,animal
608,animal
60844,vegetable/herb
60849,vegetable/herb
6087,fruit
60871,vegetable/herb
609,animal
60905,vegetable/herb
60938,vegetable/herb
60959,animal
60961,fruit
60993,animal
61001,vegetable/herb
61019,vegetable/herb
61061,vegetable/herb
61127,vegetable/herb
61138,vegetable/herb
61181,animal
61183,vegetable/herb
6126,animal
61260,vegetable/herb
61294,vegetable/herb
61295,vegetable/herb
6131,animal
61324,vegetable/herb
61348,vegetable/herb
61365,animal
61373,animal
61375,animal
61405,animal
61428,animal
61433,fruit
61437,fruit
61438,vegetable/herb
61445,fruit
61601,animal
61603,fruit
61609,animal
61626,animal
61654,animal
61659,vegetable/herb
61712,fruit
61765,fruit
61841,vegetable/herb
61884,animal
6191,animal
620,animal
62001,fruit
6204,vegetable/herb
62058,animal
62152,vegetable/herb
6218,fruit
6221,animal
62244,vegetable/herb
6229,fruit
62344,animal
62389,fruit
62398,fruit
62455,animal
62470,fruit
6248,vegetable/herb
62493,fruit
62514,animal
62533,animal
62554,fruit
62557,vegetable/herb
62571,fruit
62578,animal
62617,vegetable/herb
62657,animal
62696,vegetable/herb
62708,animal
62733,animal
62742,animal
62807,fruit
62816,fruit
62821,vegetable/herb
62826,animal
62897,animal
62908,vegetable/herb
6291,animal
62916,fruit
62946,animal
62956,fruit
62992,fruit
63139,animal
63221,vegetable/herb
63230,vegetable/herb
6335,animal
63359,vegetable/herb
63439,fruit
63441,animal
6348,vegetable/herb
63498,animal
63566,fruit
63578,animal
6360,vegetable/herb
63638,animal
6369,vegetable/herb
63761,animal
63804,fruit
63871,fruit
63944,animal
63964,fruit
63967,vegetable/herb
64042,vegetable/herb
64110,fruit
64124,animal
64137,fruit
64145,vegetable/herb
64208,vegetable/herb
64209,animal
6422,animal
6428,animal
64297,animal
64328,animal
64346,animal
64355,fruit
64514,animal
6452,fruit
64556,animal
64563,animal
64580,animal
64597,animal
64650,fruit
64834,fruit
64859,animal
64867,animal
64872,animal
64886,vegetable/herb
6489,vegetable/herb
64894,animal
64895,animal
64962,animal
64964,animal
6497,animal
6499,animal
64990,animal
6503,vegetable/herb
65062,animal
65080,vegetable/herb
65145,vegetable/herb
65163,animal
65202,vegetable/herb
65218,animal
65224,animal
65328,fruit
65337,animal
65377,vegetable/herb
65419,fruit
6544,fruit
65493,vegetable/herb
6550,vegetable/herb
65507,vegetable/herb
65541,fruit
65556,fruit
65610,animal
65680,vegetable/herb
65719,animal
65721,vegetable/herb
65744,fruit
65753,vegetable/herb
65802,fruit
65811,vegetable/herb
65817,vegetable/herb
65821,animal
65825,vegetable/herb
65923,animal
6593,animal
65946,fruit
6595,vegetable/herb
65973,fruit
65978,animal
66009,fruit
66025,fruit
66074,animal
6614,vegetable/herb
66206,vegetable/herb
66232,fruit
66249,vegetable/herb
66268,fruit
663,animal
66314,vegetable/herb
66339,vegetable/herb
66362,fruit
66391,vegetable/herb
66437,vegetable/herb
66523,fruit
66568,animal
66571,vegetable/herb
6659,vegetable/herb
66595,animal
6662,animal
66625,fruit
66719,vegetable/herb
66747,animal
66773,animal
66792,animal
66805,fruit
66894,animal
66895,animal
66902,fruit
66942,animal
66957,fruit
66984,animal
6702,animal
67029,animal
67056,animal
67065,fruit
67104,animal
67175,fruit
6719,vegetable/herb
67209,vegetable/herb
6728,vegetable/herb
67325,vegetable/herb
67398,animal
674,fruit
67444,animal
67497,animal
67510,fruit
67529,animal
6755,vegetable/herb
67575,animal
67589,animal
67593,animal
67605,animal
67606,animal
67619,animal
67624,animal
67626,animal
67631,animal
67646,fruit
67647,fruit
6775,fruit
67750,animal
67765,fruit
67771,vegetable/herb
67787,animal
6779,vegetable/herb
678,animal
67829,animal
67877,animal
67893,vegetable/herb
67903,animal
6794,fruit
67951,animal
67954,vegetable/herb
67978,animal
67979,vegetable/herb
6806,animal
6807,vegetable/herb
6821,animal
68215,animal
68223,animal
68286,fruit
68287,animal
6830,animal
68328,vegetable/herb
6839,animal
68404,animal
68447,animal
68454,animal
68465,vegetable/herb
68491,vegetable/herb
68549,vegetable/herb
68560,vegetable/herb
686,fruit
68729,vegetable/herb
6873,vegetable/herb
68753,vegetable/herb
68756,animal
6877,animal
68797,vegetable/herb
68804,fruit
68820,animal
68912,vegetable/herb
68949,animal
68969,animal
68985,fruit
68991,fruit
69048,fruit
69088,fruit
69126,animal
69131,vegetable/herb
69157,animal
69228,vegetable/herb
69254,vegetable/herb
69336,animal
69360,animal
69470,fruit
69570,animal
69576,animal
696,animal
69607,fruit
69659,vegetable/herb
69798,fruit
69828,animal
69846,fruit
69895,vegetable/herb
69909,vegetable/herb
69931,vegetable/herb
69976,fruit
70067,vegetable/herb
701,animal
70128,fruit
70148,vegetable/herb
70177,fruit
70275,fruit
70309,fruit
70368,vegetable/herb
70404,animal
70426,animal
70461,vegetable/herb
70492,animal
70509,vegetable/herb
70518,animal
70526,vegetable/herb
70528,animal
70549,vegetable/herb
70571,vegetable/herb
70630,animal
70651,animal
70654,animal
7066,vegetable/herb
70765,animal
708,fruit
70833,animal
70850,animal
70862,vegetable/herb
70941,animal
71012,vegetable/herb
71101,animal
71117,animal
7118,vegetable/herb
71182,animal
71187,animal
71221,vegetable/herb
71246,fruit
71269,vegetable/herb
71281,animal
71301,animal
71360,animal
71381,animal
714,animal
71499,animal
71539,fruit
7154,animal
71618,animal
71645,fruit
71670,animal
7170,animal
71710,vegetable/herb
71782,animal
71804,animal
71806,animal
7185,vegetable/herb
71861,animal
71944,animal
72079,animal
7214,fruit
72174,vegetable/herb
72196,animal
72233,animal
72364,animal
7237,fruit
72372,vegetable/herb
72434,animal
72442,animal
72493,vegetable/herb
72560,animal
72591,animal
72593,fruit
72623,animal
72641,animal
7268,fruit
72697,animal
72733,animal
72784,vegetable/herb
72922,animal
72923,vegetable/herb
72926,vegetable/herb
72949,animal
72969,vegetable/herb
72999,fruit
73054,vegetable/herb
73081,animal
73133,animal
73176,vegetable/herb
73275,animal
7334,vegetable/herb
73348,fruit
73522,animal
73532,animal
73546,animal
73579,fruit
73583,animal
73586,vegetable/herb
73695,vegetable/herb
73720,vegetable/herb
73764,fruit
7377,animal
73773,animal
7378,vegetable/herb
73821,animal
73911,animal
73915,animal
7392,vegetable/herb
73922,animal
73974,animal
74005,animal
74034,vegetable/herb
74095,vegetable/herb
74150,fruit
74178,vegetable/herb
74200,vegetable/herb
7422,animal
74233,animal
74267,vegetable/herb
7428,fruit
7429,fruit
74315,animal
74355,fruit
74398,animal
7440,fruit
74401,fruit
74414,vegetable/herb
7444,vegetable/herb
74512,fruit
7456,animal
74581,vegetable/herb
74642,vegetable/herb
74645,fruit
74649,vegetable/herb
74685,animal
74734,animal
7475,vegetable/herb
74788,animal
7481,fruit
7482,fruit
74823,animal
7490,fruit
74977,animal
75026,animal
7503,fruit
75069,animal
75106,animal
75117,animal
75129,animal
75140,vegetable/herb
75219,animal
7523,fruit
7524,vegetable/herb
75298,animal
75380,vegetable/herb
754,animal
75418,animal
75430,fruit
75521,animal
75595,animal
75619,vegetable/herb
75633,vegetable/herb
75710,animal
75773,fruit
75970,animal
76004,animal
76034,animal
76059,animal
7608,animal
76150,vegetable/herb
76308,animal
76315,fruit
76334,vegetable/herb
76383,fruit
76386,vegetable/herb
76452,animal
76465,vegetable/herb
76516,vegetable/herb
76517,fruit
76583,vegetable/herb
766,fruit
76627,vegetable/herb
767,fruit
76760,animal
76765,vegetable/herb
76814,vegetable/herb
76848,fruit
76864,animal
76927,animal
76965,animal
76984,vegetable/herb
76999,animal
77049,vegetable/herb
77085,vegetable/herb
77105,vegetable/herb
77133,animal
77153,animal
77161,vegetable/herb
77162,animal
77177,animal
77202,animal
77350,animal
77426,animal
77443,animal
77489,vegetable/herb
77588,vegetable/herb
77591,animal
77669,animal
77685,vegetable/herb
77699,animal
77700,fruit
77717,animal
77739,vegetable/herb
77751,animal
77792,vegetable/herb
778,animal
77806,animal
7785,fruit
77909,animal
77910,animal
77925,vegetable/herb
77926,animal
77965,animal
78040,animal
78081,animal
78088,animal
78090,fruit
78102,animal
782,fruit
78220,vegetable/herb
78238,fruit
783,animal
78395,animal
78428,animal
78493,animal
78507,vegetable/herb
7853,animal
78539,vegetable/herb
78610,animal
78647,animal
78748,animal
78798,fruit
7884,animal
78856,animal
78875,vegetable/herb
789,fruit
78905,vegetable/herb
78908,animal
78916,vegetable/herb
78992,animal
79019,animal
79029,animal
79125,animal
79171,animal
79262,animal
79278,animal
793,fruit
79311,vegetable/herb
7934,animal
7940,fruit
7947,animal
795,animal
7954,fruit
79566,animal
79582,vegetable/herb
7966,animal
79711,animal
79723,fruit
79730,vegetable/herb
7977,animal
79780,vegetable/herb
79793,animal
7987,fruit
79887,vegetable/herb
7991,animal
79974,vegetable/herb
8000,animal
80016,animal
80020,animal
80025,vegetable/herb
80075,animal
80079,animal
8008,animal
80123,vegetable/herb
80136,animal
80187,vegetable/herb
802,animal
80223,animal
80247,vegetable/herb
8042,animal
80425,vegetable/herb
80437,animal
8048,vegetable/herb
80493,vegetable/herb
805,animal
80527,vegetable/herb
80539,vegetable/herb
8058,animal
8065,animal
80657,vegetable/herb
80658,vegetable/herb
8067,animal
80693,animal
80724,vegetable/herb
80751,animal
80754,animal
80769,animal
80817,vegetable/herb
80958,vegetable/herb
8101,animal
8102,animal
81058,fruit
81063,animal
8114,animal
81197,fruit
81244,animal
81272,vegetable/herb
81282,animal
8133,fruit
81481,animal
81485,animal
81494,animal
81541,animal
81545,animal
81559,animal
81574,fruit
81647,vegetable/herb
81694,vegetable/herb
81696,animal
81784,vegetable/herb
8179,animal
818,animal
81806,vegetable/herb
81820,vegetable/herb
81859,fruit
81873,animal
81922,vegetable/herb
82004,vegetable/herb
82015,animal
8202,animal
8204,fruit
82061,vegetable/herb
821,animal
8210,fruit
82333,vegetable/herb
82346,animal
82428,animal
82440,vegetable/herb
82499,animal
82527,vegetable/herb
82531,fruit
82544,animal
8258,fruit
82593,animal
82608,vegetable/herb
82688,animal
82712,animal
82793,vegetable/herb
82837,animal
82851,vegetable/herb
82938,animal
83007,animal
83028,animal
8303,fruit
83033,animal
8304,vegetable/herb
83067,animal
83075,animal
83079,animal
83118,animal
83134,animal
8318,fruit
83202,animal
83213,animal
83247,vegetable/herb
83249,vegetable/herb
83290,animal
83301,animal
83357,animal
83414,vegetable/herb
83447,animal
83458,vegetable/herb
83460,animal
83500,animal
83567,vegetable/herb
8362,animal
83737,animal
83751,animal
83757,animal
8377,vegetable/herb
83807,fruit
83821,animal
83851,animal
83868,animal
83896,animal
83903,animal
83909,animal
8393,animal
83942,vegetable/herb
83944,fruit
84015,animal
84037,fruit
84121,animal
84125,vegetable/herb
84220,animal
84239,fruit
84323,animal
84465,vegetable/herb
84547,vegetable/herb
84567,vegetable/herb
84582,animal
84590,animal
846,animal
8460,animal
84634,animal
8472,animal
84731,animal
848,animal
84824,vegetable/herb
84895,animal
84916,animal
84933,animal
84983,vegetable/herb
8502,animal
8506,fruit
85099,animal
85143,animal
85155,animal
85161,vegetable/herb
85169,animal
85236,animal
85260,vegetable/herb
85367,vegetable/herb
85512,vegetable/herb
85579,vegetable/herb
85655,animal
85672,vegetable/herb
85692,vegetable/herb
85705,animal
85749,animal
85769,vegetable/herb
85802,animal
85807,animal
85860,animal
85891,animal
85910,animal
85918,vegetable/herb
8598,animal
85995,animal
86013,animal
86016,animal
86033,animal
8604,fruit
86045,animal
86107,animal
86121,animal
86169,vegetable/herb
86197,animal
86211,vegetable/herb
86223,vegetable/herb
86240,animal
86400,vegetable/herb
86402,animal
86418,animal
86423,animal
86443,animal
86470,animal
86476,vegetable/herb
86516,animal
86527,animal
86585,vegetable/herb
86619,animal
86665,animal
86709,animal
86711,animal
86713,animal
86732,vegetable/herb
8675,animal
86779,animal
86902,animal
86911,animal
86989,animal
87013,animal
87083,fruit
87192,fruit
873,animal
87328,vegetable/herb
87334,animal
87341,vegetable/herb
8741,animal
87464,animal
87492,animal
87493,animal
87512,animal
87526,fruit
87564,animal
87592,vegetable/herb
87706,animal
8775,animal
87758,animal
87759,vegetable/herb
87812,vegetable/herb
87868,fruit
87898,animal
87933,fruit
8802,animal
8804,vegetable/herb
8807,fruit
88114,vegetable/herb
88124,vegetable/herb
8818,animal
8820,animal
88210,animal
8828,vegetable/herb
88336,animal
88370,vegetable/herb
8844,animal
88468,animal
885,fruit
88522,animal
88531,animal
88577,vegetable/herb
88578,animal
8860,fruit
88658,animal
8866,vegetable/herb
88671,animal
88717,animal
88719,animal
88741,vegetable/herb
88746,vegetable/herb
8879,fruit
88821,vegetable/herb
88871,vegetable/herb
88872,vegetable/herb
88879,animal
88908,vegetable/herb
88913,animal
88919,animal
88984,vegetable/herb
88989,vegetable/herb
890,animal
89049,animal
89081,vegetable/herb
8912,fruit
89203,animal
89211,animal
89215,animal
8923,animal
89237,animal
89261,animal
89265,animal
89319,animal
8935,animal
89401,animal
89411,vegetable/herb
8947,vegetable/herb
89496,animal
89501,animal
89538,animal
89621,animal
89623,animal
89652,fruit
89681,animal
89720,fruit
89758,vegetable/herb
8976,animal
89775,animal
89810,vegetable/herb
89814,vegetable/herb
89836,animal
89864,fruit
89878,animal
899,fruit
89903,vegetable/herb
89927,vegetable/herb
89936,vegetable/herb
89937,animal
8995,animal
89954,animal
8998,vegetable/herb
9001,vegetable/herb
90063,animal
90082,vegetable/herb
90096,animal
901,fruit
90146,vegetable/herb
90156,animal
90182,animal
90185,animal
902,fruit
9023,fruit
90233,animal
9025,animal
9031,vegetable/herb
90345,animal
90429,fruit
90476,animal
90538,vegetable/herb
90569,animal
90629,animal
90641,fruit
907,animal
9072,animal
90736,animal
90744,animal
90748,vegetable/herb
90776,animal
90793,vegetable/herb
9080,vegetable/herb
90838,fruit
90961,vegetable/herb
91028,animal
9109,vegetable/herb
91111,vegetable/herb
91114,animal
91256,animal
91270,animal
91290,animal
91340,animal
91413,vegetable/herb
91425,fruit
91439,animal
9154,fruit
91541,animal
91564,animal
91588,vegetable/herb
916,animal
91625,animal
91637,vegetable/herb
91640,animal
91650,animal
91695,animal
91783,animal
91826,vegetable/herb
91893,animal
9190,fruit
91931,animal
920,animal
92003,animal
92099,animal
92142,fruit
92149,animal
92162,animal
92212,animal
92279,vegetable/herb
9232,fruit
92413,vegetable/herb
9242,vegetable/herb
92427,vegetable/herb
92474,vegetable/herb
92531,animal
92538,fruit
92671,animal
92699,animal
92709,vegetable/herb
92711,vegetable/herb
92771,animal
92778,animal
92782,vegetable/herb
92877,animal
92913,animal
92955,animal
93060,animal
93087,animal
93092,vegetable/herb
93136,animal
93141,animal
93168,fruit
93175,animal
93190,vegetable/herb
93234,animal
93237,animal
93305,animal
93448,animal
93513,vegetable/herb
93523,vegetable/herb
93526,animal
93586,animal
93618,vegetable/herb
93644,animal
93670,animal
93708,animal
93778,animal
93786,vegetable/herb
9384,animal
93894,animal
93916,animal
93924,animal
93926,animal
93977,animal
94007,vegetable/herb
94037,animal
94046,animal
9410,vegetable/herb
94169,animal
94174,animal
942,fruit
94202,animal
94203,fruit
94232,fruit
94234,animal
94237,vegetable/herb
9424,animal
94276,vegetable/herb
94293,animal
943,animal
94411,fruit
94436,vegetable/herb
94442,animal
94444,animal
94568,animal
94570,animal
94586,vegetable/herb
94589,animal
94601,animal
94609,animal
9463,vegetable/herb
9464,vegetable/herb
9465,fruit
94660,fruit
94698,animal
94801,vegetable/herb
94819,animal
94901,fruit
94977,animal
95,animal
95003,animal
95011,animal
95038,animal
95050,animal
95140,animal
95192,animal
952,animal
9521,animal
9526,vegetable/herb
95309,vegetable/herb
95313,vegetable/herb
95343,animal
95355,vegetable/herb
95368,animal
95381,animal
95418,fruit
95420,animal
95423,animal
95461,animal
95483,animal
95497,animal
955,animal
95559,animal
9561,vegetable/herb
95683,animal
95772,animal
95776,animal
95784,animal
9580,animal
9598,vegetable/herb
96009,vegetable/herb
96019,vegetable/herb
96100,animal
96158,animal
96159,animal
96164,vegetable/herb
96225,vegetable/herb
96227,animal
96231,vegetable/herb
96276,animal
96301,animal
96302,fruit
96318,animal
96324,animal
96325,animal
96344,animal
96345,animal
96451,animal
96459,animal
96464,animal
965,animal
9662,animal
96632,animal
96662,vegetable/herb
96683,fruit
96771,vegetable/herb
9679,fruit
96813,vegetable/herb
96837,animal
96852,animal
96919,animal
96921,animal
96947,vegetable/herb
96948,vegetable/herb
9704,animal
97079,animal
97221,animal
9726,fruit
97264,vegetable/herb
97312,animal
97342,animal
97384,fruit
97422,fruit
97435,vegetable/herb
97436,animal
97559,vegetable/herb
97588,vegetable/herb
97696,animal
97702,animal
9792,vegetable/herb
97938,animal
97939,animal
97960,vegetable/herb
97962,vegetable/herb
980,animal
98019,animal
98027,animal
98034,vegetable/herb
9805,vegetable/herb
98100,fruit
98101,vegetable/herb
98107,vegetable/herb
98216,animal
98269,animal
98305,vegetable/herb
98308,vegetable/herb
9837,animal
98372,vegetable/herb
98373,vegetable/herb
9844,animal
98461,vegetable/herb
98463,vegetable/herb
98471,animal
98472,animal
98550,animal
98589,animal
9861,fruit
98755,animal
98786,vegetable/herb
98791,vegetable/herb
98831,animal
98858,fruit
9888,fruit
98927,fruit
98944,animal
98954,animal
99030,animal
99066,animal
99113,animal
99134,fruit
992,animal
99215,vegetable/herb
99266,vegetable/herb
99280,fruit
99347,animal
99376,fruit
99447,animal
99508,animal
99549,fruit
99630,animal
99631,vegetable/herb
99680,fruit
99684,fruit
99702,fruit
9974,animal
9978,vegetable/herb
99804,animal
